<!DOCTYPE Level SYSTEM "http://dsp.svn.sourceforge.net/viewvc/*checkout*/dsp/trunk/dtd/level.dtd">
<Level>
	<Name>River TD</Name>
	<Author>danzel - localhost.geek.nz</Author>
	<InterestLevels>
		<InterestLevel Interest="10" />
	</InterestLevels>
	
	<Menu>
		<TowerMenu X="0" Y="0" Folder="cannon" />
		<TowerMenu X="1" Y="0" Folder="laser" />

		<TowerMenu X="0" Y="1" Folder="aagun" />
		<TowerMenu X="1" Y="1" Folder="rocketharpoon" />
		<TowerMenu X="2" Y="1" Folder="lightning" />
		<TowerMenu X="3" Y="1" Folder="ice" />
	</Menu>
	
	<Map Name="Long River" WaveSet="single" Gold="20" Lives="20" File="longriver.png" Width="30" Height="30" MenuDescription="Long River is the easiest map. Take advantage of the many loops to get the best use out of your towers.">
		<Description><![CDATA[
50 Waves of Tower fun.
Tower unlocks after all turbo waves.
 
Turbo waves are 8, 18, 28, 43.
Flyer waves are 12, 20, 16, 31, 37, 43, 48.
Spam waves are 19, 28, 36, 49.
Boss waves are 10, 20, 30, 40, 50.

DEMO VERSION: Game ends after wave 20.
]]></Description>
		<BuildMap><![CDATA[
##############################
##############################
##____________##____________##
##____________##____________##
##__########__##__########__##
##__########__##__########__##
##__##____##__##__##____##__##
##__##____##__##__##____##__##
____##____##__##__##____##__##
____##____##__##__##____##__##
____########__##__########__##
############__##__########__##
######________##________##__##
____##________##________##__##
____##__##############__##__##
____##__##############__##__##
##__##__##__________##__##__##
##__##__##__________##__##__##
##__##__##__________##__##__##
##__##__##__________##__##__##
##__##__##############__##__##
##__##__##############__##__##
##__##__________________##__##
##__##__________________##__##
##__######################__##
##__######################__##
##__________________________##
##__________________________##
##############################
##############################
]]></BuildMap>
		<Path Name="default">
			<Waypoint X="-16" Y="144" Radius="1" />
			<Waypoint X="48" Y="144" Radius="1" />
			<Waypoint X="48" Y="48" Radius="1" />
			<Waypoint X="208" Y="48" Radius="1" />
			<Waypoint X="208" Y="208" Radius="1" />
			<Waypoint X="112" Y="208" Radius="1" />
			<Waypoint X="112" Y="368" Radius="1" />
			<Waypoint X="368" Y="368" Radius="1" />
			<Waypoint X="368" Y="208" Radius="1" />
			<Waypoint X="272" Y="208" Radius="1" />
			<Waypoint X="272" Y="48" Radius="1" />
			<Waypoint X="432" Y="48" Radius="1" />
			<Waypoint X="432" Y="432" Radius="1" />
			<Waypoint X="48" Y="432" Radius="1" />
			<Waypoint X="48" Y="240" Radius="1" />
			<Waypoint X="-16" Y="240" Radius="1" />
		</Path>
	</Map>
	<Map Name="Ice River" WaveSet="double" Gold="40" Lives="20" File="iceriver.png" Width="30" Height="30" MenuDescription="The Ice River has 2 waves at a time! Only the best players need apply!">
		<Description><![CDATA[
2x50 Waves of Tower fun.
Tower unlocks after all turbo waves.
 
Turbo waves are 8, 18, 28, 43.
Flyer waves are 12, 20, 16, 31, 37, 43, 48.
Spam waves are 19, 28, 36, 49.
Boss waves are 10, 20, 30, 40, 50.
]]></Description>
		<BuildMap><![CDATA[
##############################
##############################
##############################
##############################
______________________####____
______________________####____
####################__####__##
####################__####__##
##____________________####__##
##____________________####__##
##__######################__##
##__######################__##
##__##______________________##
##__##______________________##
##__##__######################
##__##__######################
##__##______________##______##
##__##______________##______##
##__##############__##__##__##
##__##############__##__##__##
##______________##__##__##__##
##______________##__##__##__##
##############__##__##__##__##
##############__##__##__##__##
##############__##__##__##__##
##############__##__##__##__##
________________##______##____
________________##______##____
##############################
##############################
]]></BuildMap>
		<Path Name="a">
			<Waypoint X="-16" Y="80" />
			<Waypoint X="336" Y="80" />
			<Waypoint X="336" Y="146" />
			<Waypoint X="48"  Y="146" />
			<Waypoint X="48"  Y="336" />
			<Waypoint X="240" Y="336" />
			<Waypoint X="240" Y="432" />
			<Waypoint X="-16" Y="432" />
		</Path>
		<Path Name="b">
			<Waypoint X="496" Y="80" />
			<Waypoint X="432" Y="80" />
			<Waypoint X="432" Y="208" />
			<Waypoint X="112" Y="208" />
			<Waypoint X="112" Y="272" />
			<Waypoint X="304" Y="272" />
			<Waypoint X="304" Y="432" />
			<Waypoint X="368" Y="432" />
			<Waypoint X="368" Y="272" />
			<Waypoint X="432" Y="272" />
			<Waypoint X="432" Y="432" />
			<Waypoint X="496" Y="432" />
		</Path>
	</Map>
	
	<WaveSet Name="single" LoopSurvivors="True">
		<Wave Path="default" SpawnTime="500" Description="A Log Flume Approaches!">
			<Enemy Folder="log" Count="20" />
		</Wave>
		<Wave Path="default" SpawnTime="500" Description="Another Log Flume Approaches!">
			<Enemy Folder="log_aged" Count="20" />
		</Wave>
		<Wave Path="default" SpawnTime="1000" Description="Don't worry, they are only turtles">
			<Enemy Folder="turtle" Count="20" />
		</Wave>
		<Wave Path="default" SpawnTime="500" Description="Ahh! Scary Crocodiles!">
			<Enemy Folder="crocodile" Count="20" />
		</Wave>
		<Wave Path="default" SpawnTime="500" Description="And their cousins, scary Alligators!">
			<Enemy Folder="crocodile2" Count="20" />
		</Wave>
		<Wave Path="default" SpawnTime="500" Description="Oh how relaxing, leaf boats....">
			<Enemy Folder="leafboat" Count="20" />
		</Wave>
		<Wave Path="default" SpawnTime="500" Description="More leaf boats? It's very Zen....">
			<Enemy Folder="leafboat2" Count="20" />
		</Wave>
		<Wave Path="default" SpawnTime="300" Description="Okay, thats just wrong.. rocket logs?" UpgradePoint="1">
			<Enemy Folder="log_rocket" Count="20" />
		</Wave>
		<Wave Path="default" SpawnTime="500" Description="We better help these rafts... to sink!">
			<Enemy Folder="raft" Count="20" />
		</Wave>
		<Wave Path="default" SpawnTime="500" Description="yyyyyyyaaaaaaaarrrrrrrrrgggggggghhhhhh" Boss="True">
			<Enemy Folder="pirateship" />
		</Wave>
		<Wave Path="default" SpawnTime="500" Description="Here come the rest of the pirates!">
			<Enemy Folder="raft_pirate" Count="20" />
		</Wave>
		<Wave Path="default" SpawnTime="500" Description="Gliders incoming!">
			<Enemy Folder="glider" Count="20" />
		</Wave>
		<Wave Path="default" SpawnTime="500" Description="Flowers! For me!?">
			<Enemy Folder="flower1" Count="20" />
		</Wave>
		<Wave Path="default" SpawnTime="500" Description="More flowers? You've really over done it!">
			<Enemy Folder="flower2" Count="20" />
		</Wave>
		<Wave Path="default" SpawnTime="500" Description="O NOES ANGRY BEARS!">
			<Enemy Folder="toybear" Count="20" />
		</Wave>
		<Wave Path="default" SpawnTime="500" Description="Don't worry, these bears care!">
			<Enemy Folder="toybear_care" Count="20" />
		</Wave>
		<Wave Path="default" SpawnTime="500" Description="But these bears look a bit messed up">
			<Enemy Folder="toybear_mutant" Count="20" />
		</Wave>
		<Wave Path="default" SpawnTime="300" Description="How did those turtles get rocket boosters!?" UpgradePoint="1">
			<Enemy Folder="turtle_rocket" Count="20" />
		</Wave>
		<Wave Path="default" SpawnTime="400" Description="KEKEKEKE BEAR RUSH" Spam="True">
			<Enemy Folder="toybear" Level="2" />
			<Enemy Folder="toybear_care" Level="2" />
			<Enemy Folder="toybear_mutant" Level="2" />
			<Enemy Folder="toybear" Level="2" />
			<Enemy Folder="toybear_care" Level="2" />
			<Enemy Folder="toybear_mutant" Level="2" />
			<Enemy Folder="toybear" Level="2" />
			<Enemy Folder="toybear_care" Level="2" />
			<Enemy Folder="toybear_mutant" Level="2" />
			<Enemy Folder="toybear" Level="2" />
			<Enemy Folder="toybear_care" Level="2" />
			<Enemy Folder="toybear_mutant" Level="2" />
			<Enemy Folder="toybear" Level="2" />
			<Enemy Folder="toybear_care" Level="2" />
			<Enemy Folder="toybear_mutant" Level="2" />
			<Enemy Folder="toybear" Level="2" />
			<Enemy Folder="toybear_care" Level="2" />
			<Enemy Folder="toybear_mutant" Level="2" />
			<Enemy Folder="toybear" Level="2" />
			<Enemy Folder="toybear_care" Level="2" />
			<Enemy Folder="toybear_mutant" Level="2" />
			<Enemy Folder="toybear" Level="2" />
			<Enemy Folder="toybear_care" Level="2" />
			<Enemy Folder="toybear_mutant" Level="2" />
			<Enemy Folder="toybear" Level="2" />
			<Enemy Folder="toybear_care" Level="2" />
			<Enemy Folder="toybear_mutant" Level="2" />
			<Enemy Folder="toybear" Level="2" />
			<Enemy Folder="toybear_care" Level="2" />
			<Enemy Folder="toybear_mutant" Level="2" />
		</Wave>
		<Wave Path="default" SpawnTime="500" Description="Incoming Chopper!" Boss="True">
			<Enemy Folder="chopper" />
		</Wave>
	</WaveSet>
	
	
	
	
	
	<WaveSet Name="double" LoopSurvivors="True">
		<Wave Path="a" SpawnTime="500" WaitTime="0" Description="A Log Flume Approaches!">
			<Enemy Folder="log" Count="20" />
		</Wave>
		<Wave Path="b" SpawnTime="500">
			<Enemy Folder="log" Count="20" />
		</Wave>
		<Wave Path="a" SpawnTime="500" WaitTime="0" Description="Another Log Flume Approaches!">
			<Enemy Folder="log_aged" Count="20" />
		</Wave>
		<Wave Path="b" SpawnTime="500">
			<Enemy Folder="log_aged" Count="20" />
		</Wave>
		<Wave Path="a" SpawnTime="1000" WaitTime="0" Description="Don't worry, they are only turtles">
			<Enemy Folder="turtle" Count="20" />
		</Wave>
		<Wave Path="b" SpawnTime="1000">
			<Enemy Folder="turtle" Count="20" />
		</Wave>
		<Wave Path="a" SpawnTime="500" WaitTime="0" Description="Ahh! Scary Crocodiles!">
			<Enemy Folder="crocodile" Count="20" />
		</Wave>
		<Wave Path="b" SpawnTime="500">
			<Enemy Folder="crocodile" Count="20" />
		</Wave>
		<Wave Path="a" SpawnTime="500" WaitTime="0" Description="And their cousins, scary Alligators!">
			<Enemy Folder="crocodile2" Count="20" />
		</Wave>
		<Wave Path="b" SpawnTime="500">
			<Enemy Folder="crocodile2" Count="20" />
		</Wave>
		<Wave Path="a" SpawnTime="500" WaitTime="0" Description="Oh how relaxing, leaf boats....">
			<Enemy Folder="leafboat" Count="20" />
		</Wave>
		<Wave Path="b" SpawnTime="500">
			<Enemy Folder="leafboat" Count="20" />
		</Wave>
		<Wave Path="a" SpawnTime="500" WaitTime="0" Description="More leaf boats? Its' very Zen....">
			<Enemy Folder="leafboat2" Count="20" />
		</Wave>
		<Wave Path="b" SpawnTime="500">
			<Enemy Folder="leafboat2" Count="20" />
		</Wave>
		<Wave Path="a" SpawnTime="300" WaitTime="0" Description="Okay, thats just wrong.. rocket logs?" UpgradePoint="1">
			<Enemy Folder="log_rocket" Count="20" />
		</Wave>
		<Wave Path="b" SpawnTime="300">
			<Enemy Folder="log_rocket" Count="20" />
		</Wave>
		<Wave Path="a" SpawnTime="500" WaitTime="0" Description="We better help these rafts... to sink!">
			<Enemy Folder="raft" Count="20" />
		</Wave>
		<Wave Path="b" SpawnTime="500">
			<Enemy Folder="raft" Count="20" />
		</Wave>
		<Wave Path="a" SpawnTime="500" WaitTime="0" Description="yyyyyyyaaaaaaaarrrrrrrrrgggggggghhhhhh" Boss="True">
			<Enemy Folder="pirateship" />
		</Wave>
		<Wave Path="b" SpawnTime="500">
			<Enemy Folder="pirateship" />
		</Wave>
		<Wave Path="a" SpawnTime="500" WaitTime="0" Description="Here come the rest of the pirates!">
			<Enemy Folder="raft_pirate" Count="20" />
		</Wave>
		<Wave Path="b" SpawnTime="500">
			<Enemy Folder="raft_pirate" Count="20" />
		</Wave>
		<Wave Path="a" SpawnTime="500" WaitTime="0" Description="Gliders incoming!">
			<Enemy Folder="glider" Count="20" />
		</Wave>
		<Wave Path="b" SpawnTime="500">
			<Enemy Folder="glider" Count="20" />
		</Wave>
		<Wave Path="a" SpawnTime="500" WaitTime="0" Description="Flowers! For me!?">
			<Enemy Folder="flower1" Count="20" />
		</Wave>
		<Wave Path="b" SpawnTime="500">
			<Enemy Folder="flower1" Count="20" />
		</Wave>
		<Wave Path="a" SpawnTime="500" WaitTime="0" Description="More flowers? You've really over done it!">
			<Enemy Folder="flower2" Count="20" />
		</Wave>
		<Wave Path="b" SpawnTime="500">
			<Enemy Folder="flower2" Count="20" />
		</Wave>
		<Wave Path="a" SpawnTime="500" WaitTime="0" Description="O NOES ANGRY BEARS!">
			<Enemy Folder="toybear" Count="20" />
		</Wave>
		<Wave Path="b" SpawnTime="500">
			<Enemy Folder="toybear" Count="20" />
		</Wave>
		<Wave Path="a" SpawnTime="500" WaitTime="0" Description="Don't worry, these bears care!">
			<Enemy Folder="toybear_care" Count="20" />
		</Wave>
		<Wave Path="b" SpawnTime="500">
			<Enemy Folder="toybear_care" Count="20" />
		</Wave>
		<Wave Path="a" SpawnTime="500" WaitTime="0" Description="But these bears look a bit messed up">
			<Enemy Folder="toybear_mutant" Count="20" />
		</Wave>
		<Wave Path="b" SpawnTime="500">
			<Enemy Folder="toybear_mutant" Count="20" />
		</Wave>
		<Wave Path="a" SpawnTime="300" WaitTime="0" Description="How did those turtles get rocket boosters!?" UpgradePoint="1">
			<Enemy Folder="turtle_rocket" Count="20" />
		</Wave>
		<Wave Path="b" SpawnTime="300">
			<Enemy Folder="turtle_rocket" Count="20" />
		</Wave>
		<Wave Path="a" SpawnTime="400" WaitTime="0" Description="KEKEKEKE BEAR RUSH" Spam="True">
			<Enemy Folder="toybear" Level="2" />
			<Enemy Folder="toybear_care" Level="2" />
			<Enemy Folder="toybear_mutant" Level="2" />
			<Enemy Folder="toybear" Level="2" />
			<Enemy Folder="toybear_care" Level="2" />
			<Enemy Folder="toybear_mutant" Level="2" />
			<Enemy Folder="toybear" Level="2" />
			<Enemy Folder="toybear_care" Level="2" />
			<Enemy Folder="toybear_mutant" Level="2" />
			<Enemy Folder="toybear" Level="2" />
			<Enemy Folder="toybear_care" Level="2" />
			<Enemy Folder="toybear_mutant" Level="2" />
			<Enemy Folder="toybear" Level="2" />
			<Enemy Folder="toybear_care" Level="2" />
			<Enemy Folder="toybear_mutant" Level="2" />
			<Enemy Folder="toybear" Level="2" />
			<Enemy Folder="toybear_care" Level="2" />
			<Enemy Folder="toybear_mutant" Level="2" />
			<Enemy Folder="toybear" Level="2" />
			<Enemy Folder="toybear_care" Level="2" />
			<Enemy Folder="toybear_mutant" Level="2" />
			<Enemy Folder="toybear" Level="2" />
			<Enemy Folder="toybear_care" Level="2" />
			<Enemy Folder="toybear_mutant" Level="2" />
			<Enemy Folder="toybear" Level="2" />
			<Enemy Folder="toybear_care" Level="2" />
			<Enemy Folder="toybear_mutant" Level="2" />
			<Enemy Folder="toybear" Level="2" />
			<Enemy Folder="toybear_care" Level="2" />
			<Enemy Folder="toybear_mutant" Level="2" />
		</Wave>
		<Wave Path="b" SpawnTime="400">
			<Enemy Folder="toybear" Level="2" />
			<Enemy Folder="toybear_care" Level="2" />
			<Enemy Folder="toybear_mutant" Level="2" />
			<Enemy Folder="toybear" Level="2" />
			<Enemy Folder="toybear_care" Level="2" />
			<Enemy Folder="toybear_mutant" Level="2" />
			<Enemy Folder="toybear" Level="2" />
			<Enemy Folder="toybear_care" Level="2" />
			<Enemy Folder="toybear_mutant" Level="2" />
			<Enemy Folder="toybear" Level="2" />
			<Enemy Folder="toybear_care" Level="2" />
			<Enemy Folder="toybear_mutant" Level="2" />
			<Enemy Folder="toybear" Level="2" />
			<Enemy Folder="toybear_care" Level="2" />
			<Enemy Folder="toybear_mutant" Level="2" />
			<Enemy Folder="toybear" Level="2" />
			<Enemy Folder="toybear_care" Level="2" />
			<Enemy Folder="toybear_mutant" Level="2" />
			<Enemy Folder="toybear" Level="2" />
			<Enemy Folder="toybear_care" Level="2" />
			<Enemy Folder="toybear_mutant" Level="2" />
			<Enemy Folder="toybear" Level="2" />
			<Enemy Folder="toybear_care" Level="2" />
			<Enemy Folder="toybear_mutant" Level="2" />
			<Enemy Folder="toybear" Level="2" />
			<Enemy Folder="toybear_care" Level="2" />
			<Enemy Folder="toybear_mutant" Level="2" />
			<Enemy Folder="toybear" Level="2" />
			<Enemy Folder="toybear_care" Level="2" />
			<Enemy Folder="toybear_mutant" Level="2" />
		</Wave>
		<Wave Path="a" SpawnTime="500" WaitTime="0" Description="Incoming Chopper!" Boss="True">
			<Enemy Folder="chopper" />
		</Wave>
		<Wave Path="b" SpawnTime="500">
			<Enemy Folder="chopper" />
		</Wave>
	</WaveSet>

</Level>
