<!DOCTYPE Tower SYSTEM "http://dsp.svn.sourceforge.net/viewvc/*checkout*/dsp/trunk/dtd/tower.dtd">
<Tower>
	<Name>Ice Tower</Name>
	<Description>Freezes enemies, slowing their advancement. Low Damage.</Description>
	<Requirements UpgradePoints="1" />
	
	<TurretLength>4</TurretLength>
	
	<Capability HitsGround="True" HitsFlyers="True" />
	
	<Shot Type="Missile" Sprite="shot.png" Frames="4" LifeTime="20" DeathTime="100" />
	
	<Levels>
		<Level Cost="50" SellAmount="40"   Damage="10" ROF="500" Range="100" Splash="20" Speed="200" SlowAmount="0.8" SlowLength="5000"/>
		<Level Cost="75" SellAmount="100"  Damage="20" ROF="500" Range="110" Splash="30" Speed="200" SlowAmount="0.8" SlowLength="5000" Description="Small splash, slight increase in range, double the damage" />
		<Level Cost="100" SellAmount="180" Damage="40" ROF="500" Range="120" Splash="40" Speed="200" SlowAmount="0.75" SlowLength="5000" Description="Slows enemies down more, larger splash size, slight increase in range, double the damage" />
		<Level Cost="200" SellAmount="340" Damage="80" ROF="500" Range="120" Splash="60" Speed="200" SlowAmount="0.75" SlowLength="5000" Description="Larger splash size, double the damage" />
		<Level Cost="300" SellAmount="580" Damage="160" ROF="500" Range="130" Splash="80" Speed="200" SlowAmount="0.65" SlowLength="5000" Description="Slows enemies down more, larger splash size, slight increase in range, double the damage" />
	</Levels>
	
	<TowerSprite File="tower.png" Width="2" Height="2" />
	<TurretSprite File="turret.png" />

	<MenuSprite File="icon.png" />
	
	<FireSound File="shot.wav" />
</Tower>