<!DOCTYPE Tower SYSTEM "http://dsp.svn.sourceforge.net/viewvc/*checkout*/dsp/trunk/dtd/tower.dtd">
<Tower>
	<Name>Anti-Air Gun</Name>
	<Description>Rips flying enemies to shreds with its tungsten tipped shells.</Description>
	
	<Requirements UpgradePoints="1" />
	
	<TurretLength>13</TurretLength>
	
	<Capability HitsGround="False" HitsFlyers="True" />

	<Shot Type="Arrow" Sprite="shot.png" Frames="1" LifeTime="1000" DeathTime="0" />

	<Levels>
		<Level Cost="40" SellAmount="32"  Damage="40"  ROF="500" Range="140" Splash="0" Speed="400" />
		<Level Cost="40" SellAmount="64"  Damage="80"  ROF="500" Range="150" Splash="0" Speed="400" Description="Double the damage, small increase in range" />
		<Level Cost="40" SellAmount="96"  Damage="120"  ROF="500" Range="160" Splash="0" Speed="400" Description="50% increase in damage, slight increase in range" />
		<Level Cost="60" SellAmount="144" Damage="180"  ROF="500" Range="170" Splash="0" Speed="400" Description="50% increase in damage, small increase in range" />
		<Level Cost="80" SellAmount="208" Damage="270" ROF="500" Range="180" Splash="0" Speed="400" Description="50% increase in damage, small increase in range" />
	</Levels>
	
	<TowerSprite File="tower.png" Width="2" Height="2" />
	<TurretSprite File="turret.png" />
	
	<MenuSprite File="icon.png" />
	
	<FireSound File="shot.wav" />
</Tower>