<!DOCTYPE Tower SYSTEM "http://dsp.svn.sourceforge.net/viewvc/*checkout*/dsp/trunk/dtd/tower.dtd">
<Tower>
	<Name>Medieval Cannon</Name>
	<Description>Destroys oncoming ground forces with its powerful blast. Small splash.</Description>
	
	<Requirements UpgradePoints="0" />
	
	<TurretLength>12</TurretLength>
	
	<Capability HitsGround="True" HitsFlyers="False" />
	
	<Shot Type="Arrow" Sprite="shot.png" Frames="1" LifeTime="1000" DeathTime="0" />
	
	<Levels>
		<Level Cost="10" SellAmount="8"  Damage="6"  ROF="1000" Range="80"  Splash="34" Speed="200"/>
		<Level Cost="10" SellAmount="16" Damage="12" ROF="1000" Range="80"  Splash="34" Speed="200" Description="Double the damage"/>
		<Level Cost="20" SellAmount="32" Damage="24" ROF="1000" Range="90"  Splash="35" Speed="200" Description="Double the damage and slightly more range"/>
		<Level Cost="30" SellAmount="56" Damage="48" ROF="1000" Range="100" Splash="36" Speed="200" Description="Double the damage and slightly more range"/>
	</Levels>
	
	<TowerSprite File="tower.png" Width="2" Height="2" />
	<FireSprite File="fire.png" Frames="4" Time="80" />
	<TurretSprite File="turret.png" />
	
	<MenuSprite File="icon.png" />

	<FireSound File="shot.wav" />
</Tower>