<!DOCTYPE Tower SYSTEM "http://dsp.svn.sourceforge.net/viewvc/*checkout*/dsp/trunk/dtd/tower.dtd">
<Tower>
	<Name>Lightning Tower</Name>
	<Description>Deals devastating damage over an incredibly range. Slow reload.</Description>
	
	<Requirements UpgradePoints="1" />
	
	<Capability HitsGround="True" HitsFlyers="True" />
	
	<Shot Type="Instant" Sprite="shot.png" Frames="4" LifeTime="100" DeathTime="0" />
	<Levels>
		<Level Cost="50"  SellAmount="48"  Damage="160"  ROF="8000" Range="150" Splash="0" Speed="0" />
		<Level Cost="75"  SellAmount="100" Damage="240"  ROF="5600" Range="170" Splash="0" Speed="0" Description="50% more damage, 30% decrease in reload time, slight increase in range" />
		<Level Cost="100" SellAmount="180" Damage="360"  ROF="4000" Range="190" Splash="0" Speed="0" Description="50% more damage, 30% decrease in reload time, slight increase in range" />
		<Level Cost="200" SellAmount="340" Damage="540"  ROF="3000" Range="210" Splash="0" Speed="0" Description="50% more damage, 25% decrease in reload time, slight increase in range" />
		<Level Cost="300" SellAmount="580" Damage="810" ROF="2400" Range="250" Splash="0" Speed="0" Description="50% more damage, 20% decrease in reload time, generous increase in range" />
	</Levels>
	
	<TowerSprite File="tower.png" Width="2" Height="2" />
	
	<FireSprite File="fire.png" Frames="4" Time="100" />
	
	<MenuSprite File="icon.png" />
	
	<HitSound File="hit.wav" />
</Tower>