<!DOCTYPE Tower SYSTEM "http://dsp.svn.sourceforge.net/viewvc/*checkout*/dsp/trunk/dtd/tower.dtd">
<Tower>
	<Name>Rocket Harpoon</Name>
	<Description>Decimates enemies with its large fiery splash damage.</Description>
	
	<Requirements UpgradePoints="1" />
	
	<TurretLength>10</TurretLength>
	
	<Capability HitsGround="True" HitsFlyers="True" />
	
	<Shot Type="Missile" Sprite="shot.png" Frames="4" LifeTime="20" DeathTime="100" />
	<Levels>
		<Level Cost="50"  SellAmount="40"  Damage="18"  ROF="1200" Range="110" Splash="60"  Speed="250" />
		<Level Cost="75"  SellAmount="100" Damage="36"  ROF="1200" Range="120" Splash="72"  Speed="250" Description="Double damage, slight increase of range and splash" />
		<Level Cost="100" SellAmount="180" Damage="68"  ROF="1200" Range="120" Splash="84"  Speed="250" Description="Double damage, slight increase of splash" />
		<Level Cost="200" SellAmount="340" Damage="123" ROF="1200" Range="130" Splash="96"  Speed="250" Description="50% more damage, slight increase in range and splash" />
		<Level Cost="300" SellAmount="580" Damage="209" ROF="1200" Range="140" Splash="120" Speed="250" Description="50% more damage, slight increase in range, LARGE increase in splash" />
	</Levels>
	
	<TowerSprite File="tower.png" Width="2" Height="2" />
	<TurretSprite File="turret.png" />
	
	<MenuSprite File="icon.png" />
	
	<FireSound File="shot.wav" />
</Tower>