<!DOCTYPE Tower SYSTEM "http://dsp.svn.sourceforge.net/viewvc/*checkout*/dsp/trunk/dtd/tower.dtd">
<Tower>
	<Name>Laser Tower</Name>
	<Description>Utilises an Iridium powered Laser to shoot both ground and air targets.</Description>
	
	<Requirements UpgradePoints="0" />
	
	<TurretLength>7</TurretLength>
	
	<Capability HitsGround="True" HitsFlyers="True" />
	
	<Shot Type="Laser" Sprite="shot.png" Frames="4" LifeTime="100" DeathTime="0" />
	<Levels>
		<Level Cost="10" SellAmount="8"  Damage="1" ROF="190" Range="90" Splash="0" Speed="0"/>
		<Level Cost="10" SellAmount="16" Damage="1" ROF="95"  Range="100" Splash="0" Speed="0" Description="Double the damage, slight increase in range" />
		<Level Cost="20" SellAmount="32" Damage="2" ROF="95"  Range="100" Splash="0" Speed="0" Description="Double the damage" />
		<Level Cost="30" SellAmount="56" Damage="4" ROF="95"  Range="110" Splash="0" Speed="0" Description="Double the damage, slight increase in range" />
	</Levels>
	
	<TowerSprite File="tower.png" Width="2" Height="2" />
	
	<TurretSprite File="turret.png" />

	<MenuSprite File="icon.png" />
	
	<FireSound File="shot.wav" />
</Tower>